{"name":"Tajawal-Regular","type":"TTF","desc":{"CapHeight":633,"XHeight":454,"FontBBox":"[-93 -375 1402 995]","Flags":4,"Ascent":995,"Descent":-375,"Leading":0,"ItalicAngle":0,"StemV":87,"MissingWidth":240},"unitsPerEm":1000,"up":-75,"ut":50,"strp":87,"strs":50,"ttffile":"D:\\xampp\\htdocs\\m3zoom\\resources\/fonts\/\/Tajawal-Regular.ttf","TTCfontID":0,"originalsize":56088,"sip":false,"smp":false,"BMPselected":false,"fontkey":"tajawal","panose":" 0 0 0 0 5 0 0 0 0 0 0 0","haskerninfo":false,"haskernGPOS":true,"hassmallcapsGSUB":false,"fontmetrics":"win","useOTL":255,"rtlPUAstr":"\\x{0E030}\\x{0E800}","GSUBScriptLang":{"DFLT":"DFLT ","arab":"DFLT ","latn":"DFLT "},"GSUBFeatures":{"DFLT":{"DFLT":{"aalt":[0,1],"ccmp":[2],"init":[3],"medi":[4],"fina":[5],"rlig":[6],"dlig":[7],"liga":[8],"frac":[9]}},"arab":{"DFLT":{"aalt":[0,1],"ccmp":[2],"init":[3],"medi":[4],"fina":[5],"rlig":[6],"dlig":[7],"liga":[8],"frac":[9]}},"latn":{"DFLT":{"aalt":[0,1],"ccmp":[2],"init":[3],"medi":[4],"fina":[5],"rlig":[6],"dlig":[7],"liga":[8],"frac":[9]}}},"GSUBLookups":[{"Type":1,"Flag":0,"SubtableCount":1,"Subtables":[4904],"MarkFilteringSet":""},{"Type":3,"Flag":0,"SubtableCount":1,"Subtables":[4596],"MarkFilteringSet":""},{"Type":4,"Flag":0,"SubtableCount":1,"Subtables":[4414],"MarkFilteringSet":""},{"Type":1,"Flag":0,"SubtableCount":1,"Subtables":[4302],"MarkFilteringSet":""},{"Type":1,"Flag":0,"SubtableCount":1,"Subtables":[4236],"MarkFilteringSet":""},{"Type":1,"Flag":0,"SubtableCount":1,"Subtables":[4076],"MarkFilteringSet":""},{"Type":4,"Flag":0,"SubtableCount":1,"Subtables":[3964],"MarkFilteringSet":""},{"Type":4,"Flag":0,"SubtableCount":1,"Subtables":[3942],"MarkFilteringSet":""},{"Type":4,"Flag":0,"SubtableCount":1,"Subtables":[3884],"MarkFilteringSet":""},{"Type":4,"Flag":0,"SubtableCount":1,"Subtables":[3824],"MarkFilteringSet":""}],"GPOSScriptLang":{"DFLT":"DFLT "},"GPOSFeatures":{"DFLT":{"DFLT":{"kern":[0,1],"mark":[2,3],"mkmk":[4,5]}}},"GPOSLookups":[{"Type":2,"Flag":0,"SubtableCount":2,"Subtables":[13478,12338],"MarkFilteringSet":""},{"Type":2,"Flag":9,"SubtableCount":2,"Subtables":[12282,12086],"MarkFilteringSet":""},{"Type":4,"Flag":1,"SubtableCount":1,"Subtables":[10490],"MarkFilteringSet":""},{"Type":5,"Flag":1,"SubtableCount":1,"Subtables":[10004],"MarkFilteringSet":""},{"Type":6,"Flag":0,"SubtableCount":1,"Subtables":[9852],"MarkFilteringSet":""},{"Type":6,"Flag":0,"SubtableCount":1,"Subtables":[9444],"MarkFilteringSet":""}],"kerninfo":[]}