{"name":"Tajawal-Bold","type":"TTF","desc":{"CapHeight":633,"XHeight":454,"FontBBox":"[-201 -411 1455 1065]","Flags":262148,"Ascent":1065,"Descent":-411,"Leading":0,"ItalicAngle":0,"StemV":165,"MissingWidth":240},"unitsPerEm":1000,"up":-4,"ut":3,"strp":272,"strs":3,"ttffile":"D:\\xampp\\htdocs\\m3zoom\\resources\/fonts\/\/Tajawal-Bold.ttf","TTCfontID":0,"originalsize":56568,"sip":false,"smp":false,"BMPselected":false,"fontkey":"tajawalB","panose":" 0 0 0 0 8 0 0 0 0 0 0 0","haskerninfo":false,"haskernGPOS":true,"hassmallcapsGSUB":false,"fontmetrics":"win","useOTL":255,"rtlPUAstr":"\\x{0E030}\\x{0E033}-\\x{0E03B}\\x{0E800}","GSUBScriptLang":{"DFLT":"DFLT ","arab":"DFLT ","latn":"DFLT "},"GSUBFeatures":{"DFLT":{"DFLT":{"aalt":[0,1],"ccmp":[3],"init":[4],"medi":[5],"fina":[6],"rlig":[7],"dlig":[8],"calt":[9],"liga":[10],"frac":[11]}},"arab":{"DFLT":{"aalt":[0,1],"ccmp":[3],"init":[4],"medi":[5],"fina":[6],"rlig":[7],"dlig":[8],"calt":[9],"liga":[10],"frac":[11]}},"latn":{"DFLT":{"aalt":[0,1],"ccmp":[3],"init":[4],"medi":[5],"fina":[6],"rlig":[7],"dlig":[8],"calt":[9],"liga":[10],"frac":[11]}}},"GSUBLookups":[{"Type":1,"Flag":0,"SubtableCount":1,"Subtables":[5076],"MarkFilteringSet":""},{"Type":3,"Flag":0,"SubtableCount":1,"Subtables":[4768],"MarkFilteringSet":""},{"Type":1,"Flag":0,"SubtableCount":1,"Subtables":[4730],"MarkFilteringSet":""},{"Type":4,"Flag":0,"SubtableCount":1,"Subtables":[4556],"MarkFilteringSet":""},{"Type":1,"Flag":0,"SubtableCount":1,"Subtables":[4444],"MarkFilteringSet":""},{"Type":1,"Flag":0,"SubtableCount":1,"Subtables":[4378],"MarkFilteringSet":""},{"Type":1,"Flag":0,"SubtableCount":1,"Subtables":[4218],"MarkFilteringSet":""},{"Type":4,"Flag":0,"SubtableCount":1,"Subtables":[4106],"MarkFilteringSet":""},{"Type":4,"Flag":0,"SubtableCount":1,"Subtables":[4084],"MarkFilteringSet":""},{"Type":6,"Flag":0,"SubtableCount":3,"Subtables":[4036,4012,3988],"MarkFilteringSet":""},{"Type":4,"Flag":0,"SubtableCount":1,"Subtables":[3926],"MarkFilteringSet":""},{"Type":4,"Flag":0,"SubtableCount":1,"Subtables":[3866],"MarkFilteringSet":""}],"GPOSScriptLang":{"DFLT":"DFLT "},"GPOSFeatures":{"DFLT":{"DFLT":{"kern":[0,1],"mark":[2,3],"mkmk":[4,5]}}},"GPOSLookups":[{"Type":2,"Flag":0,"SubtableCount":1,"Subtables":[12724],"MarkFilteringSet":""},{"Type":2,"Flag":9,"SubtableCount":2,"Subtables":[12662,12422],"MarkFilteringSet":""},{"Type":4,"Flag":1,"SubtableCount":1,"Subtables":[10760],"MarkFilteringSet":""},{"Type":5,"Flag":1,"SubtableCount":1,"Subtables":[10248],"MarkFilteringSet":""},{"Type":6,"Flag":0,"SubtableCount":1,"Subtables":[10108],"MarkFilteringSet":""},{"Type":6,"Flag":0,"SubtableCount":1,"Subtables":[9804],"MarkFilteringSet":""}],"kerninfo":[]}